{
    "songs": [
    {
      "name": "Chạy về nơi phía anh",
      "singer": "Khắc Việt",
      "path": "https://tainhac123.com/listen/chay-ve-noi-phia-anh-khac-viet.K50N4xtWe5y4.html",
      "image": "https://avatar-nct.nixcdn.com/song/2022/02/10/2/a/7/7/1644475457323.jpg",
      "category_name": "Thư giãn"
    },
    {
      "name": "Có hẹn với thanh xuân",
      "singer": "MONSTAR",
      "path": "https://tainhac123.com/listen/co-hen-voi-thanh-xuan-monstar.B1Q3wlGhldTr.html",
      "image": "https://avatar-nct.nixcdn.com/song/2021/07/16/f/4/9/8/1626425507034.jpg",
      "category_name": "Thư giãn"
    },
    {
      "name": "Yêu Đương Khó Quá Thì Chạy Về Khóc Với Anh",
      "singer": "ERIK",
      "path": "https://tainhac123.com/listen/yeu-duong-kho-qua-thi-chay-ve-khoc-voi-anh-erik.B6rEC4ZEO7oD.html",
      "image": "https://avatar-nct.nixcdn.com/song/2022/01/26/4/e/f/e/1643184497199.jpg",
      "category_name": "Thư giãn"
    },
    {
      "name": "Nhạc Không Lời Hay - Hòa Tấu",
      "singer": "Anonymous",
      "path": "https://tainhac123.com/listen/nhac-khong-loi-hay-hoa-tau.yjCjrMhk3z.html",
      "image": "https://avatar-nct.nixcdn.com/singer/avatar/2017/09/27/e/0/6/9/1506498059847.jpg",
      "category_name": "Đọc sách"
    },
    {
      "name": "Nhạc Thư Giãn - Tiếng Nước Chảy - V.A",
      "singer": "Anonymous",
      "path": "https://tainhac123.com/listen/nhac-thu-gian-tieng-nuoc-chay-va.EQSjHf82FGB8.html",
      "image": "https://avatar-nct.nixcdn.com/singer/avatar/2017/09/15/b/8/c/8/1505459363080.jpg",
      "category_name": "Thiền"
    },
    {
      "name": "White Noise - Tiếng Nước Chảy - V.A",
      "singer": "Anonymous",
      "path": "https://tainhac123.com/listen/white-noise-tieng-nuoc-chay-va.FrKNA28AOCmq.html",
      "image": "https://avatar-nct.nixcdn.com/singer/avatar/2020/08/18/e/4/e/c/1597723219000.jpg",
      "category_name": "Thiền"
    },
    {
      "name": "Ba Kể Con Nghe - Guitar",
      "singer": "Anonymous",
      "path": "https://tainhac123.com/listen/ba-ke-con-nghe-guitar.rA0eGn02Iewo.html",
      "image": "https://avatar-nct.nixcdn.com/singer/avatar/2016/01/25/4/1/1/7/1453717133675.jpg",
      "category_name": "Đọc sách"
    }
  ]
}