{
    "categories": [
        {
            "title": "Thiền",
            "href": "",
            "url_bg_image": "./images/thien.png",
            "thumb_images": [
                "https://photo-resize-zmp3.zmdcdn.me/w320_r1x1_webp/cover/c/f/a/6/cfa69de8c67717d7d4135d0c0d9cb26b.jpg",
                "https://photo-resize-zmp3.zmdcdn.me/w320_r1x1_webp/cover/2/8/d/a/28da2280c45174bfca79ac4abde258dd.jpg",
                "https://photo-resize-zmp3.zmdcdn.me/w320_r1x1_webp/cover/c/d/4/a/cd4a568bb08c9c9d80bc074fd02144de.jpg"
            ]
        },
        {
            "title": "Đọc sách",
            "href": "",
            "url_bg_image": "./images/read_books.png",
            "thumb_images": [
            "https://photo-resize-zmp3.zmdcdn.me/w320_r1x1_webp/cover/3/e/c/d/3ecd899d4fb84168fc958282175d1282.jpg",
            "https://photo-resize-zmp3.zmdcdn.me/w320_r1x1_webp/cover/8/4/3/9/84396d8c57d9bd27701ec785621b8ede.jpg",
            "https://photo-resize-zmp3.zmdcdn.me/w320_r1x1_webp/cover/d/4/d/c/d4dcdc6b0042ce3ae54582c0870ffe28.jpg"
            ]
        },
        {
            "title": "Thư giãn",
            "href": "",
            "url_bg_image": "./images/relax.png",
            "thumb_images": [
            "https://photo-resize-zmp3.zmdcdn.me/w320_r1x1_webp/cover/b/b/4/f/bb4fb4067c8fcc9a27637cf20b72830d.jpg",
            "https://photo-resize-zmp3.zmdcdn.me/w320_r1x1_webp/cover/f/5/5/4/f5544d2947e814adeb5bcf43cc767b68.jpg",
            "https://photo-resize-zmp3.zmdcdn.me/w320_r1x1_webp/cover/e/1/8/1/e1816afeb2430de9cb47a4076d6a5f87.jpg"
            ]
        }
    ]
}